{
  "hash": "d665f44f",
  "configHash": "0dd7166c",
  "lockfileHash": "6a0d3289",
  "browserHash": "12b3abee",
  "optimized": {
    "@angular/common": {
      "src": "../../../../../../node_modules/@angular/common/fesm2022/common.mjs",
      "file": "@angular_common.js",
      "fileHash": "131e0a3c",
      "needsInterop": false
    },
    "@angular/common/http": {
      "src": "../../../../../../node_modules/@angular/common/fesm2022/http.mjs",
      "file": "@angular_common_http.js",
      "fileHash": "90a68981",
      "needsInterop": false
    },
    "@angular/core": {
      "src": "../../../../../../node_modules/@angular/core/fesm2022/core.mjs",
      "file": "@angular_core.js",
      "fileHash": "f1e95a5f",
      "needsInterop": false
    },
    "@angular/forms": {
      "src": "../../../../../../node_modules/@angular/forms/fesm2022/forms.mjs",
      "file": "@angular_forms.js",
      "fileHash": "c7369a58",
      "needsInterop": false
    },
    "@angular/platform-browser": {
      "src": "../../../../../../node_modules/@angular/platform-browser/fesm2022/platform-browser.mjs",
      "file": "@angular_platform-browser.js",
      "fileHash": "0f33419c",
      "needsInterop": false
    },
    "@angular/router": {
      "src": "../../../../../../node_modules/@angular/router/fesm2022/router.mjs",
      "file": "@angular_router.js",
      "fileHash": "fe037eca",
      "needsInterop": false
    },
    "crypto-js": {
      "src": "../../../../../../node_modules/crypto-js/index.js",
      "file": "crypto-js.js",
      "fileHash": "8b9d5514",
      "needsInterop": true
    }
  },
  "chunks": {
    "chunk-NO2HBDVG": {
      "file": "chunk-NO2HBDVG.js"
    },
    "chunk-AOHACM5Y": {
      "file": "chunk-AOHACM5Y.js"
    },
    "chunk-67ZTKLCX": {
      "file": "chunk-67ZTKLCX.js"
    },
    "chunk-BHFXRXPU": {
      "file": "chunk-BHFXRXPU.js"
    },
    "chunk-EIB7IA3J": {
      "file": "chunk-EIB7IA3J.js"
    }
  }
}